Protein Group,Accession,Top,Peptide,Peptide_Clean,Unique,-10LgP,Mass,Length,ppm,m/z,z,RT,Area 202408_KP_GH_FH_Ileum3_Y3P,Intensity 202408_KP_GH_FH_Ileum3_Y3P,Source File,Scan,#Spec,#Spec 202408_KP_GH_FH_Ileum3_Y3P,Start,End,PTM,AScore,Precursor Id,1/k0 Range,Organism,Protein,Gene,NetMHCIIPan_Prediction
2993,#CONTAM#A0A1B1S6N0|A0A1B1S6N0_9BACT,TRUE,T.ASAGATSVSGEV.L,T.ASAGATSVSGEV.L,Y,46.02,1034.488,12,-0.3,1035.495,1,18.6591,1.33E+05,8.63E+05,20240817_KP_Ileum3_Y3P_P4_S1-B4_1_4924.d,922282,4,4,38,49,,,21598,1.5400-1.5563,Muribaculum intestinale,SusC/RagA family TonB-linked outer membrane protein,A4V02_00965,
918,#CONTAM#A0A4V1D371|A0A4V1D371_9BACT,FALSE,L.QIIRFLLL.F,L.QIIRFLLL.F,Y,92.82,1014.6589,8,2.4,508.339,2,57.3318,2.89E+04,8.42E+05,20240817_KP_Ileum3_Y3P_P2_S1-B2_1_4922.d,3062644,14,14,4,11,,,92368,0.9090-0.9259,Duncaniella dubosii,Uncharacterized protein,,
2936,#CONTAM#R9MIM7|R9MIM7_9FIRM,TRUE,F.SGIVGGIIVL.A,F.SGIVGGIIVL.A,Y,51.6,926.58,10,-0.2,927.5872,1,58.9899,8.98E+03,1.32E+05,20240817_KP_Ileum3_Y3P_P4_S1-B4_1_4924.d,2920956,5,5,305,314,,,78696,1.5158-1.5321,Lachnospiraceae bacterium MD308,Cobalamin biosynthesis protein CbiM,C818_01582,
2841,#CONTAM#A0A4V1D3E4|A0A4V1D3E4_9BACT,TRUE,E.TEEAPAAPA.P,E.TEEAPAAPA.P,Y,62.04,855.3974,9,0.9,856.4055,1,16.0916,6.44E+03,8.16E+04,20240817_KP_Ileum3_Y3P_P4_S1-B4_1_4924.d,795148,3,3,435,443,,,17908,1.4008-1.4172,Duncaniella dubosii,Uncharacterized protein,,
2977,#CONTAM#A0A1B1SBI9|A0A1B1SBI9_9BACT,TRUE,S.PVDFPAIA.A,S.PVDFPAIA.A,Y,47.6,828.4381,8,-4.2,829.4419,1,43.3668,2.32E+03,3.06E+04,20240817_KP_Ileum3_Y3P_P4_S1-B4_1_4924.d,2144590,5,5,48,55,,,52138,1.3935-1.4100,Muribaculum intestinale,Phosphoribosylamine--glycine ligase,,
3138,#CONTAM#A0A974YZM9|A0A974YZM9_UNCCL,TRUE,D.YVSLLGKTKKQ(+0.98)S(+79.97)MNDGDKYLVVYLD.E,D.YVSLLGKTKKQSMNDGDKYLVVYLD.E,Y,34.96,2957.4497,25,0.1,740.3698,4,41.0087,1.58E+03,2.37E+04,20240817_KP_Ileum3_Y3P_P1_S1-B1_1_4921.d,2016496,1,1,376,400,Deamidation (NQ); Phosphorylation (STY),Q11:Deamidation (NQ):0.00;S12:Phosphorylation (STY):0.00,27676,0.8743-0.8913,Clostridia bacterium,M15 family metallopeptidase,JR334_06460,
138,#CONTAM#A0A4P7W1B8|A0A4P7W1B8_9BACT,FALSE,E.TQAGDVSAYIPTNVISITD.G,E.TQAGDVSAYIPTNVISITD.G,Y,90.2,1963.9739,19,-3.3,982.9931,2,51.6688,1.41E+03,1.99E+04,20240817_KP_Ileum3_Y3P_P6_S1-B6_1_4926.d,2593089,1,1,344,362,,,75441,1.2284-1.2451,Duncaniella dubosii,ATP synthase subunit alpha,atpA,
3133,#CONTAM#A0A3N2M9R0|A0A3N2M9R0_9BACT,TRUE,L.VETTDTFLPFYTKDAIGRK.Q,L.VETTDTFLPFYTKDAIGRK.Q,Y,35.21,2201.1367,19,7.7,734.7274,3,45.9208,1.41E+03,1.55E+04,20240817_KP_Ileum3_Y3P_P7_S1-B7_1_4927.d,2277460,3,3,25,43,,,58516,1.0098-1.0267,Muribaculaceae bacterium Isolate-037 (Harlan),Radical SAM protein,EEL33_08600,
138,#CONTAM#A0A4P7W1B8|A0A4P7W1B8_9BACT,FALSE,G.DVSAYIPTNVISITDG.Q,G.DVSAYIPTNVISITDG.Q,Y,68.27,1663.8304,16,-1.8,832.9229,2,53.151,1.17E+03,1.52E+04,20240817_KP_Ileum3_Y3P_P6_S1-B6_1_4926.d,2668182,1,1,348,363,,,78906,1.1175-1.1342,Duncaniella dubosii,ATP synthase subunit alpha,atpA,
3131,#CONTAM#R9MDY0|R9MDY0_9FIRM,TRUE,K.EIKRALLAADVNF.K,K.EIKRALLAADVNF.K,Y,35.26,1458.8195,13,2.3,487.2825,3,37.4857,9.51E+02,1.71E+04,20240817_KP_Ileum3_Y3P_P2_S1-B2_1_4922.d,2056519,1,1,34,46,,,44839,0.7569-0.7740,Lachnospiraceae bacterium MD308,Signal recognition particle protein,ffh,
138,#CONTAM#A0A4P7W1B8|A0A4P7W1B8_9BACT,FALSE,A.GDVSAYIPTNVISITDG.Q,A.GDVSAYIPTNVISITDG.Q,Y,93.05,1720.8519,17,1.2,861.4362,2,51.3137,5.98E+02,1.17E+04,20240817_KP_Ileum3_Y3P_P6_S1-B6_1_4926.d,2575590,1,1,347,363,,,74706,1.1470-1.1637,Duncaniella dubosii,ATP synthase subunit alpha,atpA,
2932,#CONTAM#A0A3N2M194|A0A3N2M194_9BACT,TRUE,V.ALTLLFGR.V,V.ALTLLFGR.V,Y,51.97,889.5385,8,-1.7,445.7771,2,42.6902,5.35E+02,7.42E+03,20240817_KP_Ileum3_Y3P_P7_S1-B7_1_4927.d,2115744,1,1,57,64,,,50724,0.8566-0.8736,Muribaculaceae bacterium Isolate-037 (Harlan),4Fe-4S dicluster domain-containing protein,,
3083,#CONTAM#A0A4S2G280|A0A4S2G280_9BACT,TRUE,N.PKEVALKGRTSGIDIFLETNS.T,N.PKEVALKGRTSGIDIFLETNS.T,Y,38.71,2274.2219,21,4.6,759.0847,3,48.616,5.24E+02,1.03E+04,20240817_KP_Ileum3_Y3P_P4_S1-B4_1_4924.d,2405648,1,1,80,100,,,61736,0.9625-0.9794,Muribaculum intestinale,TonB-dependent receptor,E5333_02190,
2994,#CONTAM#A0A1B1S8H0|A0A1B1S8H0_9BACT,TRUE,K.Q(+0.98)FATTFNAV.Q,K.QFATTFNAV.Q,Y,45.92,998.4709,9,-6.2,999.4741,1,40.8837,4.91E+02,5.85E+03,20240817_KP_Ileum3_Y3P_P6_S1-B6_1_4926.d,2048444,1,1,803,811,Deamidation (NQ),Q1:Deamidation (NQ):41.94,48956,1.5400-1.5563,Muribaculum intestinale,Phosphoribosylformylglycinamidine synthase,purL,
2994,#CONTAM#A0A4S2G3K3|A0A4S2G3K3_9BACT,TRUE,N.Q(+0.98)FATTFNAV.Q,N.QFATTFNAV.Q,Y,45.92,998.4709,9,-6.2,999.4741,1,40.8837,4.91E+02,5.85E+03,20240817_KP_Ileum3_Y3P_P6_S1-B6_1_4926.d,2048444,1,1,803,811,Deamidation (NQ),Q1:Deamidation (NQ):41.94,48956,1.5400-1.5563,Muribaculum intestinale,Phosphoribosylformylglycinamidine synthase,purL,
3118,#CONTAM#A0A1B7LLB1|A0A1B7LLB1_9CLOT,TRUE,T.FAYVGKKLY(+79.97)EQIETVDMGAYEAAQ(+0.98)A.L,T.FAYVGKKLYEQIETVDMGAYEAAQA.L,Y,36.42,2875.3027,25,2.1,959.4456,3,40.1641,4.75E+02,8.02E+03,20240817_KP_Ileum3_Y3P_P5_S1-B5_1_4925.d,1994787,1,1,161,185,Deamidation (NQ); Phosphorylation (STY),Y9:Phosphorylation (STY):20.33;Q24:Deamidation (NQ):30.24,57783,1.0267-1.0435,Candidatus Arthromitus sp. SFB-turkey,"Phosphonate ABC transporter, permease protein PhnE",A6P36_03285,
3117,#CONTAM#R9ME45|R9ME45_9FIRM,TRUE,I.NLGTAGVFI.I,I.NLGTAGVFI.I,Y,36.42,890.4861,9,-4.2,891.4916,1,46.2425,4.16E+02,4.81E+03,20240817_KP_Ileum3_Y3P_P6_S1-B6_1_4926.d,2318522,1,1,39,47,,,61478,1.4777-1.4941,Lachnospiraceae bacterium MD308,AspT/YidE/YbjL antiporter duplication domain-containing protein,C818_03177,
1412,#CONTAM#A0A3N2MAB9|A0A3N2MAB9_9BACT,TRUE,G.GGFGGGGFGGG.F,G.GGFGGGGFGGG.F,Y,77.53,825.3405,11,6,826.3546,1,22.2588,3.99E+02,6.85E+03,20240817_KP_Ileum3_Y3P_P6_S1-B6_1_4926.d,1119275,8,8,405,415,,,17423,1.3353-1.3519,Muribaculaceae bacterium Isolate-037 (Harlan),TPM domain-containing protein,EEL33_09285,
1412,#CONTAM#A0A1B1SBE6|A0A1B1SBE6_9BACT,FALSE,G.GGFGGGGFGGG.S,G.GGFGGGGFGGG.S,Y,77.53,825.3405,11,6,826.3546,1,22.2588,3.99E+02,6.85E+03,20240817_KP_Ileum3_Y3P_P6_S1-B6_1_4926.d,1119275,8,8,393,403,,,17423,1.3353-1.3519,Muribaculum intestinale,TPM domain-containing protein,A4V02_10585,
2697,#CONTAM#A0A1B1SDD1|A0A1B1SDD1_9BACT,TRUE,A.KIGKGVKIYP.Q,A.KIGKGVKIYP.Q,Y,81.28,1101.691,10,-6,368.2361,3,14.538,3.56E+02,4.02E+03,20240817_KP_Ileum3_Y3P_P2_S1-B2_1_4922.d,913831,2,2,131,140,,,7051,0.7877-0.8048,Muribaculum intestinale,UDP-3-O-acylglucosamine N-acyltransferase,lpxD,
1848,#CONTAM#R9MDA3|R9MDA3_9FIRM,TRUE,Q.RKQAERRKALKKKKRRKALS(+79.97)VLFFL.I,Q.RKQAERRKALKKKKRRKALSVLFFL.I,Y,90.22,3177.9331,25,1.5,530.6647,6,30.1231,3.43E+02,3.56E+03,20240817_KP_Ileum3_Y3P_P6_S1-B6_1_4926.d,1506689,1,1,209,233,Phosphorylation (STY),S20:Phosphorylation (STY):1000.00,28409,0.9212-0.9381,Lachnospiraceae bacterium MD308,Uncharacterized protein,C818_02882,
1373,#CONTAM#A0A1B1S6F7|A0A1B1S6F7_9BACT,FALSE,M.NYAWPTAEIAVM(+15.99)G.G,M.NYAWPTAEIAVMG.G,Y,111.57,1437.6598,13,1.4,719.8403,2,44.0431,2.76E+02,4.32E+03,20240817_KP_Ileum3_Y3P_P7_S1-B7_1_4927.d,2184548,1,1,422,434,Oxidation (M),M12:Oxidation (M):1000.00,53996,1.0328-1.0496,Muribaculum intestinale,Acyl-CoA carboxylase subunit beta,A4V02_00525,
1412,#CONTAM#A0A3N2MAB9|A0A3N2MAB9_9BACT,TRUE,G.GGGFGGGFGGG.S,G.GGGFGGGFGGG.S,N,49.69,825.3405,11,-6.5,826.3444,1,22.7154,2.61E+02,4.26E+03,20240817_KP_Ileum3_Y3P_P8_S1-B8_1_4928.d,1118945,4,4,409,419,,,14045,1.3433-1.3598,Muribaculaceae bacterium Isolate-037 (Harlan),TPM domain-containing protein,EEL33_09285,
1412,#CONTAM#A0A3N2MAB9|A0A3N2MAB9_9BACT,TRUE,G.GGGFGGGGFGG.G,G.GGGFGGGGFGG.G,N,115.07,825.3405,11,-1.3,826.3484,1,22.7845,2.37E+02,2.40E+03,20240817_KP_Ileum3_Y3P_P2_S1-B2_1_4922.d,1323413,7,7,404,414,,,18869,1.3035-1.3201,Muribaculaceae bacterium Isolate-037 (Harlan),TPM domain-containing protein,EEL33_09285,
1412,#CONTAM#A0A1B1SBE6|A0A1B1SBE6_9BACT,FALSE,R.GGGFGGGGFGG.G,R.GGGFGGGGFGG.G,N,115.07,825.3405,11,-1.3,826.3484,1,22.7845,2.37E+02,2.40E+03,20240817_KP_Ileum3_Y3P_P2_S1-B2_1_4922.d,1323413,7,7,392,402,,,18869,1.3035-1.3201,Muribaculum intestinale,TPM domain-containing protein,A4V02_10585,
1071,#CONTAM#A0A4V1D3N7|A0A4V1D3N7_9BACT,FALSE,D.DLTDPAPATT.F,D.DLTDPAPATT.F,Y,37.69,1000.4713,10,-9.8,1001.4709,1,19.4299,1.25E+02,2.63E+03,20240817_KP_Ileum3_Y3P_P5_S1-B5_1_4925.d,963952,1,1,338,347,,,26692,1.5099-1.5262,Duncaniella dubosii,ATP synthase subunit beta,atpD,
318,#CONTAM#R9MFX1|R9MFX1_9FIRM,FALSE,G.LVGGASLK.A,G.LVGGASLK.A,Y,98.18,743.4541,8,-1.2,372.7346,2,15.1672,,,20240817_KP_Ileum3_Y3P_P2_S1-B2_1_4922.d,945146,1,1,232,239,,,7886,0.7453-0.7624,Lachnospiraceae bacterium MD308,Triosephosphate isomerase,,
2169,#CONTAM#A0A1B1SBX1|A0A1B1SBX1_9BACT,TRUE,G.KVIPELNG.K,G.KVIPELNG.K,N,76.97,868.5018,8,4.8,435.2611,2,21.0144,,,20240817_KP_Ileum3_Y3P_P2_S1-B2_1_4922.d,1235812,1,1,219,226,,,16612,0.7829-0.8000,Muribaculum intestinale,Glyceraldehyde-3-phosphate dehydrogenase,,
3076,#CONTAM#A0A1B1SAC7|A0A1B1SAC7_9BACT,TRUE,S.N(+0.98)GPGN(+0.98)PDM(+15.99)VD.V,S.NGPGNPDMVD.V,Y,38.97,1032.3706,10,-3.9,1033.376,1,12.4807,,,20240817_KP_Ileum3_Y3P_P2_S1-B2_1_4922.d,812024,1,1,222,231,Deamidation (NQ); Deamidation (NQ); Oxidation (M),N1:Deamidation (NQ):1000.00;N5:Deamidation (NQ):1000.00;M8:Oxidation (M):1000.00,4304,1.4692-1.4856,Muribaculum intestinale,Carbamoyl phosphate synthase small chain,carA,
3084,#CONTAM#A0A1B1SA89|A0A1B1SA89_9BACT,TRUE,V.IIPILGEGLL.D,V.IIPILGEGLL.D,Y,38.69,1036.6532,10,4.4,346.5605,3,47.9757,,,20240817_KP_Ileum3_Y3P_P2_S1-B2_1_4922.d,2591755,1,1,199,208,,,72583,0.7288-0.7459,Muribaculum intestinale,Undecaprenyl-diphosphatase,uppP,
1412,#CONTAM#A0A3N2MAB9|A0A3N2MAB9_9BACT,TRUE,G.GGGGFGGGGFG.G,G.GGGGFGGGGFG.G,Y,59.73,825.3405,11,6,826.3546,1,23.8392,,,20240817_KP_Ileum3_Y3P_P6_S1-B6_1_4926.d,1197434,2,2,403,413,,,19382,1.3552-1.3717,Muribaculaceae bacterium Isolate-037 (Harlan),TPM domain-containing protein,EEL33_09285,
1412,#CONTAM#A0A3N2MAB9|A0A3N2MAB9_9BACT,TRUE,G.GGGFGGGGFGGG.F,G.GGGFGGGGFGGG.F,Y,100.7,882.362,12,-0.3,883.3709,1,22.1007,,,20240817_KP_Ileum3_Y3P_P6_S1-B6_1_4926.d,1111472,8,8,404,415,,,17240,1.3968-1.4133,Muribaculaceae bacterium Isolate-037 (Harlan),TPM domain-containing protein,EEL33_09285,
1412,#CONTAM#A0A1B1SBE6|A0A1B1SBE6_9BACT,FALSE,R.GGGFGGGGFGGG.S,R.GGGFGGGGFGGG.S,Y,100.7,882.362,12,-0.3,883.3709,1,22.1007,,,20240817_KP_Ileum3_Y3P_P6_S1-B6_1_4926.d,1111472,8,8,392,403,,,17240,1.3968-1.4133,Muribaculum intestinale,TPM domain-containing protein,A4V02_10585,
3038,#CONTAM#R9MFJ2|R9MFJ2_9FIRM,TRUE,A.QAAKSGAVGIIL.T,A.QAAKSGAVGIIL.T,Y,41.98,1126.671,12,10.4,376.5691,3,42.0584,,,20240817_KP_Ileum3_Y3P_P8_S1-B8_1_4928.d,2081571,1,1,301,312,,,43983,0.7768-0.7939,Lachnospiraceae bacterium MD308,Protein-glutamate methylesterase/protein-glutamine glutaminase,cheB,
3053,#CONTAM#A0AAE6BZU1|A0AAE6BZU1_9BACT,TRUE,L.LIGGGVGVAPLL.Y,L.LIGGGVGVAPLL.Y,Y,41.3,1064.6593,12,3.8,267.1737,4,33.0684,,,20240817_KP_Ileum3_Y3P_P6_S1-B6_1_4926.d,1656956,1,1,113,124,,,33896,0.6649-0.6821,Duncaniella sp. B8,Dihydroorotate dehydrogenase electron transfer subunit,FDZ78_13275,
2676,#CONTAM#A0A2V1J098|A0A2V1J098_9BACT,TRUE,G.SGFGSGGGFSGGS.F,G.SGFGSGGGFSGGS.F,Y,83.88,1059.4257,13,-3,1060.432,1,19.4342,,,20240817_KP_Ileum3_Y3P_P2_S1-B2_1_4922.d,1157280,3,3,438,450,,,14280,1.5020-1.5184,Paramuribaculum intestinale,TPM domain-containing protein,C5O25_01705,
138,#CONTAM#A0A4P7W1B8|A0A4P7W1B8_9BACT,FALSE,G.DVSAYIPTNVISITD.G,G.DVSAYIPTNVISITD.G,Y,64.77,1606.809,15,1.4,804.4147,2,52.6333,,,20240817_KP_Ileum3_Y3P_P6_S1-B6_1_4926.d,2644331,1,1,348,362,,,77915,1.0994-1.1161,Duncaniella dubosii,ATP synthase subunit alpha,atpA,
2169,#CONTAM#A0A1B1SBX1|A0A1B1SBX1_9BACT,TRUE,L.NGKLTGMSMRVPTLDVSVVDL.T,L.NGKLTGMSMRVPTLDVSVVDL.T,Y,57.81,2231.1653,21,-3.1,744.7283,3,50.5042,,,20240817_KP_Ileum3_Y3P_P2_S1-B2_1_4922.d,2719930,1,1,225,245,,,78838,0.9327-0.9497,Muribaculum intestinale,Glyceraldehyde-3-phosphate dehydrogenase,gap,
