Protein Group,Accession,Top,Peptide,Peptide_Clean,Unique,-10LgP,Mass,Length,ppm,m/z,z,RT,Area KP_GH_FH_Ileum4_Y3P,Intensity KP_GH_FH_Ileum4_Y3P,Source File,Scan,#Spec,#Spec KP_GH_FH_Ileum4_Y3P,Start,End,PTM,AScore,Precursor Id,1/k0 Range,Organism,Protein,Gene,NetMHCIIPan_Prediction
326,#CONTAM#A0A4V1D3N7|A0A4V1D3N7_9BACT,FALSE,A.DDLTDPAPA.T,A.DDLTDPAPA.T,Y,44.88,913.4028,9,2.9,914.4128,1,18.1743,,,20240817_KP_Ileum4_Y3P_P5_S1-A5_1_4909.d,901121,2,2,337,345,,,23297,1.4172-1.4337,Duncaniella dubosii,ATP synthase subunit beta,atpD,
326,#CONTAM#A0A3D8IHI1|A0A3D8IHI1_9HELI,FALSE,A.DDLTDPAPA.S,A.DDLTDPAPA.S,Y,44.88,913.4028,9,2.9,914.4128,1,18.1743,,,20240817_KP_Ileum4_Y3P_P5_S1-A5_1_4909.d,901121,2,2,305,313,,,23297,1.4172-1.4337,Helicobacter ganmani,ATP synthase subunit beta,atpD,
1435,#CONTAM#A0A3N2M1X9|A0A3N2M1X9_9BACT,TRUE,G.AEYVVESTG.L,G.AEYVVESTG.L,N,42.91,953.4341,9,-0.1,954.4413,1,16.9415,,,20240817_KP_Ileum4_Y3P_P5_S1-A5_1_4909.d,838776,1,1,91,99,,,20388,1.4429-1.4593,Muribaculaceae bacterium Isolate-037 (Harlan),Glyceraldehyde-3-phosphate dehydrogenase,,
1435,#CONTAM#A0A1B1SBX1|A0A1B1SBX1_9BACT,TRUE,E.AEYVVESTG.L,E.AEYVVESTG.L,N,42.91,953.4341,9,-0.1,954.4413,1,16.9415,,,20240817_KP_Ileum4_Y3P_P5_S1-A5_1_4909.d,838776,1,1,91,99,,,20388,1.4429-1.4593,Muribaculum intestinale,Glyceraldehyde-3-phosphate dehydrogenase,gap,
2555,#CONTAM#R9MEX1|R9MEX1_9FIRM,TRUE,V.KLGLANLVI.V,V.KLGLANLVI.V,Y,52.52,939.6117,9,1.2,470.8137,2,47.947,2.83E+03,3.36E+04,20240817_KP_Ileum4_Y3P_P8_S1-A8_1_4912.d,2391518,2,2,46,54,,,49130,0.8525-0.8696,Lachnospiraceae bacterium MD308,Heptaprenyl diphosphate synthase,,
2712,#CONTAM#A0A3N2MGR8|A0A3N2MGR8_9BACT,TRUE,I.VGSGPAGLA.C,I.VGSGPAGLA.C,Y,34.29,727.3864,9,3.1,364.7016,2,21.7506,,,20240817_KP_Ileum4_Y3P_P6_S1-A6_1_4910.d,1084112,1,1,146,154,,,18836,0.7370-0.7542,Muribaculaceae bacterium Isolate-037 (Harlan),NADPH-dependent glutamate synthase,,
326,#CONTAM#A0A4V1D3N7|A0A4V1D3N7_9BACT,FALSE,D.DLTDPAPATT.F,D.DLTDPAPATT.F,Y,81.17,1000.4713,10,-0.2,1001.4783,1,18.7748,,,20240817_KP_Ileum4_Y3P_P5_S1-A5_1_4909.d,931268,2,2,338,347,,,24488,1.4889-1.5053,Duncaniella dubosii,ATP synthase subunit beta,,
2109,#CONTAM#R9MFB9|R9MFB9_9FIRM,TRUE,K.AAPAAAAPKA.S,K.AAPAAAAPKA.S,Y,109.52,837.4708,10,-4.8,838.4741,1,15.3963,4.20E+03,1.26E+05,20240817_KP_Ileum4_Y3P_P5_S1-A5_1_4909.d,760020,1,1,41,50,,,16308,1.3486-1.3651,Lachnospiraceae bacterium MD308,Lipoyl-binding domain-containing protein,,
2658,#CONTAM#A0A3D8IGY9|A0A3D8IGY9_9HELI,TRUE,K.AAQATDPALA.E,K.AAQATDPALA.E,Y,39.54,927.4661,10,2.3,928.4755,1,17.3524,,,20240817_KP_Ileum4_Y3P_P5_S1-A5_1_4909.d,859556,1,1,630,639,,,21356,1.4416-1.4580,Helicobacter ganmani,Carbon starvation protein A,,
2670,#CONTAM#R9MIM7|R9MIM7_9FIRM,TRUE,F.SGIVGGIIVL.A,F.SGIVGGIIVL.A,Y,38.55,926.58,10,-0.2,927.5871,1,58.8749,3.63E+03,9.75E+04,20240817_KP_Ileum4_Y3P_P3_S1-A3_1_4907.d,2902166,3,3,305,314,,,62954,1.4909-1.5072,Lachnospiraceae bacterium MD308,Cobalamin biosynthesis protein CbiM,C818_01582,
38,#CONTAM#A0AAE6BVU2|A0AAE6BVU2_9BACT,FALSE,R.PAINVGISVSR.V,R.PAINVGISVSR.V,Y,110.44,1111.6349,11,2.7,556.8262,2,29.1196,,,20240817_KP_Ileum4_Y3P_P1_S1-A1_1_4905.d,1425062,1,1,378,388,,,15362,0.8791-0.8961,Duncaniella sp. B8,ATP synthase subunit alpha,,
38,#CONTAM#A0A3D8IHD4|A0A3D8IHD4_9HELI,FALSE,R.PAINVGLSVSR.V,R.PAINVGLSVSR.V,Y,110.44,1111.6349,11,2.7,556.8262,2,29.1196,,,20240817_KP_Ileum4_Y3P_P1_S1-A1_1_4905.d,1425062,1,1,357,367,,,15362,0.8791-0.8961,Helicobacter ganmani,ATP synthase subunit alpha,,
829,#CONTAM#A0A3N2MAB9|A0A3N2MAB9_9BACT,TRUE,G.GGFGGGGFGGG.F,G.GGFGGGGFGGG.F,Y,110.08,825.3405,11,-5.4,826.3433,1,22.0078,1.15E+03,1.47E+04,20240817_KP_Ileum4_Y3P_P1_S1-A1_1_4905.d,1077495,7,7,405,415,,,10695,1.3201-1.3367,Muribaculaceae bacterium Isolate-037 (Harlan),TPM domain-containing protein,EEL33_09285,
829,#CONTAM#A0A3N2MAB9|A0A3N2MAB9_9BACT,TRUE,F.GGGGFGGGFGG.G,F.GGGGFGGGFGG.G,Y,47.98,825.3405,11,-8.7,826.3406,1,24.3696,,,20240817_KP_Ileum4_Y3P_P3_S1-A3_1_4907.d,1192053,1,1,408,418,,,15525,1.3267-1.3433,Muribaculaceae bacterium Isolate-037 (Harlan),TPM domain-containing protein,EEL33_09285,
829,#CONTAM#A0A3N2MAB9|A0A3N2MAB9_9BACT,TRUE,G.GGGFGGGFGGG.S,G.GGGFGGGFGGG.S,N,41.91,825.3405,11,0,826.3478,1,23.9897,1.62E+02,3.12E+03,20240817_KP_Ileum4_Y3P_P6_S1-A6_1_4910.d,1193131,1,1,409,419,,,21175,1.3334-1.3499,Muribaculaceae bacterium Isolate-037 (Harlan),TPM domain-containing protein,EEL33_09285,
829,#CONTAM#A0A3N2MAB9|A0A3N2MAB9_9BACT,TRUE,G.GGGFGGGGFGG.G,G.GGGFGGGGFGG.G,N,98.3,825.3405,11,-4.7,826.3439,1,23.7463,1.28E+02,2.31E+03,20240817_KP_Ileum4_Y3P_P1_S1-A1_1_4905.d,1162467,4,4,404,414,,,11847,1.3221-1.3387,Muribaculaceae bacterium Isolate-037 (Harlan),TPM domain-containing protein,EEL33_09285,
829,#CONTAM#A0A1B1SBE6|A0A1B1SBE6_9BACT,FALSE,G.GGFGGGGFGGG.S,G.GGFGGGGFGGG.S,Y,110.08,825.3405,11,-5.4,826.3433,1,22.0078,1.15E+03,1.47E+04,20240817_KP_Ileum4_Y3P_P1_S1-A1_1_4905.d,1077495,7,7,393,403,,,10695,1.3201-1.3367,Muribaculum intestinale,TPM domain-containing protein,A4V02_10585,
829,#CONTAM#A0A1B1SBE6|A0A1B1SBE6_9BACT,FALSE,R.GGGFGGGGFGG.G,R.GGGFGGGGFGG.G,N,98.3,825.3405,11,-4.7,826.3439,1,23.7463,1.28E+02,2.31E+03,20240817_KP_Ileum4_Y3P_P1_S1-A1_1_4905.d,1162467,4,4,392,402,,,11847,1.3221-1.3387,Muribaculum intestinale,TPM domain-containing protein,A4V02_10585,
2715,#CONTAM#A0A4P7W453|A0A4P7W453_9BACT,TRUE,R.QSARAIIPTII.T,R.QSARAIIPTII.T,Y,34.09,1181.7131,11,3.5,591.8659,2,53.0281,,,20240817_KP_Ileum4_Y3P_P2_S1-A2_1_4906.d,2610338,1,1,184,194,,,30206,0.9320-0.9490,Duncaniella dubosii,NAD-dependent epimerase/dehydratase family protein,,
829,#CONTAM#A0A3N2MAB9|A0A3N2MAB9_9BACT,TRUE,G.FGGGGFGGGFGG.G,G.FGGGGFGGGFGG.G,Y,64.68,972.4089,12,2.9,973.4191,1,34.1407,,,20240817_KP_Ileum4_Y3P_P6_S1-A6_1_4910.d,1700148,1,1,407,418,,,37464,1.4455-1.4620,Muribaculaceae bacterium Isolate-037 (Harlan),TPM domain-containing protein,EEL33_09285,
829,#CONTAM#A0A3N2MAB9|A0A3N2MAB9_9BACT,TRUE,G.GFGGGGFGGGFG.G,G.GFGGGGFGGGFG.G,Y,69.33,972.4089,12,-2.5,973.4138,1,34.2063,,,20240817_KP_Ileum4_Y3P_P7_S1-A7_1_4911.d,1674185,1,1,406,417,,,20645,1.4561-1.4725,Muribaculaceae bacterium Isolate-037 (Harlan),TPM domain-containing protein,EEL33_09285,
829,#CONTAM#A0A3N2MAB9|A0A3N2MAB9_9BACT,TRUE,G.GGGFGGGGFGGG.F,G.GGGFGGGGFGGG.F,Y,105.25,882.362,12,-1.6,883.3679,1,21.9185,1.07E+03,1.50E+04,20240817_KP_Ileum4_Y3P_P1_S1-A1_1_4905.d,1072848,5,5,404,415,,,10620,1.3711-1.3876,Muribaculaceae bacterium Isolate-037 (Harlan),TPM domain-containing protein,EEL33_09285,
829,#CONTAM#A0A1B1SBE6|A0A1B1SBE6_9BACT,FALSE,R.GGGFGGGGFGGG.S,R.GGGFGGGGFGGG.S,Y,105.25,882.362,12,-1.6,883.3679,1,21.9185,1.07E+03,1.50E+04,20240817_KP_Ileum4_Y3P_P1_S1-A1_1_4905.d,1072848,5,5,392,403,,,10620,1.3711-1.3876,Muribaculum intestinale,TPM domain-containing protein,A4V02_10585,
1356,#CONTAM#A0A2V1J098|A0A2V1J098_9BACT,TRUE,G.SGFGSGGGFSGG.S,G.SGFGSGGGFSGG.S,Y,108.57,972.3937,12,-1.6,973.3994,1,20.3598,2.96E+02,2.87E+03,20240817_KP_Ileum4_Y3P_P6_S1-A6_1_4910.d,1015115,2,2,438,449,,,16895,1.4205-1.4370,Paramuribaculum intestinale,TPM domain-containing protein,C5O25_01705,
829,#CONTAM#A0A3N2MAB9|A0A3N2MAB9_9BACT,TRUE,G.GFGGGGFGGGFGG.G,G.GFGGGGFGGGFGG.G,Y,41.37,1029.4304,13,7.8,1030.4457,1,36.1636,,,20240817_KP_Ileum4_Y3P_P6_S1-A6_1_4910.d,1801683,1,1,406,418,,,41463,1.4882-1.5046,Muribaculaceae bacterium Isolate-037 (Harlan),TPM domain-containing protein,EEL33_09285,
829,#CONTAM#A0A3N2MAB9|A0A3N2MAB9_9BACT,TRUE,G.GGGGFGGGGFGGG.F,G.GGGGFGGGGFGGG.F,Y,100.64,939.3834,13,-1.2,940.3896,1,22.0351,,,20240817_KP_Ileum4_Y3P_P6_S1-A6_1_4910.d,1098161,3,3,403,415,,,19169,1.4027-1.4192,Muribaculaceae bacterium Isolate-037 (Harlan),TPM domain-containing protein,EEL33_09285,
1097,#CONTAM#A0A1B1S6F7|A0A1B1S6F7_9BACT,FALSE,M.NYAWPTAEIAVM(+15.99)G.G,M.NYAWPTAEIAVMG.G,Y,85.84,1437.6598,13,6.2,719.8417,2,44.3518,,,20240817_KP_Ileum4_Y3P_P7_S1-A7_1_4911.d,2174260,1,1,422,434,Oxidation (M),M12:Oxidation (M):1000.00,31516,1.0058-1.0227,Muribaculum intestinale,Acyl-CoA carboxylase subunit beta,,
1356,#CONTAM#A0A2V1J098|A0A2V1J098_9BACT,TRUE,G.SGFGSGGGFSGGS.F,G.SGFGSGGGFSGGS.F,Y,75.26,1059.4257,13,-7.6,1060.4249,1,19.9838,3.99E+02,5.73E+03,20240817_KP_Ileum4_Y3P_P3_S1-A3_1_4907.d,975491,2,2,438,450,,,12323,1.4685-1.4849,Paramuribaculum intestinale,TPM domain-containing protein,,
2639,#CONTAM#A0A2V1IZ46|A0A2V1IZ46_9BACT,TRUE,A.VSAGSVGAPPTPS.D,A.VSAGSVGAPPTPS.D,Y,41.74,1125.5665,13,-4,563.7883,2,18.4904,,,20240817_KP_Ileum4_Y3P_P5_S1-A5_1_4909.d,917074,1,1,219,231,,,24010,0.8730-0.8900,Paramuribaculum intestinale,Multidrug efflux RND transporter permease subunit,,
38,#CONTAM#A0AAE6BVU2|A0AAE6BVU2_9BACT,FALSE,R.GIRPAINVGISVSR.V,R.GIRPAINVGISVSR.V,Y,119.17,1437.8416,14,-1.2,480.2872,3,31.3321,,,20240817_KP_Ileum4_Y3P_P1_S1-A1_1_4905.d,1533372,3,3,375,388,,,16992,0.8287-0.8457,Duncaniella sp. B8,ATP synthase subunit alpha,,
38,#CONTAM#A0A3D8IHD4|A0A3D8IHD4_9HELI,FALSE,S.GIRPAINVGLSVSR.V,S.GIRPAINVGLSVSR.V,Y,119.17,1437.8416,14,-1.2,480.2872,3,31.3321,,,20240817_KP_Ileum4_Y3P_P1_S1-A1_1_4905.d,1533372,3,3,354,367,,,16992,0.8287-0.8457,Helicobacter ganmani,ATP synthase subunit alpha,,
1356,#CONTAM#A0A2V1J098|A0A2V1J098_9BACT,TRUE,G.SGFGSGGGFSGGSF.G,G.SGFGSGGGFSGGSF.G,Y,102.09,1206.4941,14,6.3,604.2581,2,35.7253,,,20240817_KP_Ileum4_Y3P_P1_S1-A1_1_4905.d,1749242,3,3,438,451,,,21026,0.9124-0.9293,Paramuribaculum intestinale,TPM domain-containing protein,,
2614,#CONTAM#A0A2V1IMX4|A0A2V1IMX4_9BACT,TRUE,M.ELKLVNPYFIKQLP.G,M.ELKLVNPYFIKQLP.G,Y,44.81,1700.9865,14,0.2,568.0029,3,47.7361,,,20240817_KP_Ileum4_Y3P_P1_S1-A1_1_4905.d,2347273,1,1,77,90,,,39937,0.8178-0.8348,Paramuribaculum intestinale,IS110 family transposase,,
2628,#CONTAM#A0A4S2FW36|A0A4S2FW36_9BACT,TRUE,N.SSFVLAVKPLGDLL.A,N.SSFVLAVKPLGDLL.A,Y,43.09,1457.8494,14,-0.4,729.9316,2,53.9448,,,20240817_KP_Ileum4_Y3P_P2_S1-A2_1_4906.d,2655537,1,1,141,154,,,31209,1.1114-1.1282,Muribaculum intestinale,DMT family transporter,,
38,#CONTAM#A0AAE6BVU2|A0AAE6BVU2_9BACT,FALSE,G.DVSAYIPTNVISITD.G,G.DVSAYIPTNVISITD.G,Y,90.95,1606.809,15,2.9,804.4141,2,52.5792,4.80E+02,6.81E+03,20240817_KP_Ileum4_Y3P_P6_S1-A6_1_4910.d,2628518,1,1,348,362,,,78866,1.0779-1.0947,Duncaniella sp. B8,ATP synthase subunit alpha,atpA,
2550,#CONTAM#A0A4P7W7D0|A0A4P7W7D0_9BACT,TRUE,I.SAVIDVAPRRMGPSS(+79.97)I.M,I.SAVIDVAPRRMGPSSI.M,Y,52.99,1734.8488,16,-1.2,579.2895,3,37.3639,4.83E+02,6.38E+03,20240817_KP_Ileum4_Y3P_P6_S1-A6_1_4910.d,1860669,1,1,48,63,Phosphorylation (STY),S15:Phosphorylation (STY):0.00,44061,0.8859-0.9029,Duncaniella dubosii,AraC family transcriptional regulator,,
2577,#CONTAM#A0A0R2BDS7|A0A0R2BDS7_9LACO,TRUE,A.FEQVKQ(+0.98)LALTNGLFVGS.S,A.FEQVKQLALTNGLFVGS.S,Y,49.19,1850.9778,17,12,618.0073,3,45.7418,1.65E+04,1.15E+05,20240817_KP_Ileum4_Y3P_P1_S1-A1_1_4905.d,2247555,1,1,249,265,Deamidation (NQ),Q6:Deamidation (NQ):8.81,36231,0.8328-0.8498,Ligilactobacillus murinus DSM 20452 = NBRC 14221,Cysteine synthase,,
2672,#CONTAM#A0A3N2MIX2|A0A3N2MIX2_9BACT,TRUE,S.NASREN(+0.98)KQLALKILIHL.L,S.NASRENKQLALKILIHL.L,Y,38.21,1961.1422,17,-4.7,654.7183,3,41.2276,4.49E+02,8.68E+03,20240817_KP_Ileum4_Y3P_P8_S1-A8_1_4912.d,2056658,1,1,114,130,Deamidation (NQ),N6:Deamidation (NQ):14.04,35834,0.9226-0.9395,Muribaculaceae bacterium Isolate-037 (Harlan),S1/P1 Nuclease,,
2605,#CONTAM#A0A2V1IV51|A0A2V1IV51_9BACT,TRUE,A.TVAVEGLRPSCDVAISYT.E,A.TVAVEGLRPSCDVAISYT.E,Y,46.03,1879.9349,18,-0.4,627.652,3,41.6008,8.05E+02,1.72E+04,20240817_KP_Ileum4_Y3P_P1_S1-A1_1_4905.d,2038927,1,1,1957,1974,,,28771,0.8314-0.8484,Paramuribaculum intestinale,T9SS C-terminal target domain-containing protein,,
38,#CONTAM#A0AAE6BVU2|A0AAE6BVU2_9BACT,FALSE,E.TQAGDVSAYIPTNVISITD.G,E.TQAGDVSAYIPTNVISITD.G,Y,102.52,1963.9739,19,1.9,982.9961,2,51.6205,1.19E+03,2.07E+04,20240817_KP_Ileum4_Y3P_P6_S1-A6_1_4910.d,2580764,1,1,344,362,,,76832,1.2118-1.2284,Duncaniella sp. B8,ATP synthase subunit alpha,,
326,#CONTAM#A0A0R2B5J2|A0A0R2B5J2_9LACO,FALSE,G.SEVSALLGRIPSAVGYQPTLA.T,G.SEVSALLGRIPSAVGYQPTLA.T,Y,72.51,2128.1528,21,-14.4,1065.0684,2,53.4481,,,20240817_KP_Ileum4_Y3P_P3_S1-A3_1_4907.d,2634074,1,1,257,277,,,55466,1.2451-1.2617,Ligilactobacillus murinus DSM 20452 = NBRC 14221,ATP synthase subunit beta,,
1435,#CONTAM#A0A3N2M1X9|A0A3N2M1X9_9BACT,TRUE,L.NGKLTGMSMRVPTLDVSVVDL.T,L.NGKLTGMSMRVPTLDVSVVDL.T,Y,59.18,2231.1653,21,-2.7,744.7271,3,48.9116,3.61E+02,4.90E+03,20240817_KP_Ileum4_Y3P_P1_S1-A1_1_4905.d,2409005,1,1,225,245,,,42233,0.9002-0.9171,Muribaculaceae bacterium Isolate-037 (Harlan),Glyceraldehyde-3-phosphate dehydrogenase,,
2365,#CONTAM#A0A2V1IZK0|A0A2V1IZK0_9BACT,TRUE,L.TLEAAPSVS(+79.97)EGVARLFKSLEE.D,L.TLEAAPSVSEGVARLFKSLEE.D,Y,85.4,2312.1301,21,0,1157.0723,2,49.8649,,,20240817_KP_Ileum4_Y3P_P8_S1-A8_1_4912.d,2491372,1,1,147,167,Phosphorylation (STY),S9:Phosphorylation (STY):4.05,52972,1.3055-1.3221,Paramuribaculum intestinale,DNA 3'-5' helicase,,
1435,#CONTAM#A0A3N2M1X9|A0A3N2M1X9_9BACT,TRUE,K.VIPELNGKLTGMSMRVPTLDVSVVD.L,K.VIPELNGKLTGMSMRVPTLDVSVVD.L,Y,117.03,2669.4131,25,-0.4,890.8113,3,49.0637,,,20240817_KP_Ileum4_Y3P_P1_S1-A1_1_4905.d,2413797,1,1,220,244,,,42453,0.9977-1.0146,Muribaculaceae bacterium Isolate-037 (Harlan),Glyceraldehyde-3-phosphate dehydrogenase,,
2240,#CONTAM#A0A4S2FZG5|A0A4S2FZG5_9BACT,TRUE,A.GEIAGLKVRRIVNEPTAAALAYGLD.K,A.GEIAGLKVRRIVNEPTAAALAYGLD.K,Y,100.59,2596.4336,25,-5.8,1299.2166,2,62.8356,,,20240817_KP_Ileum4_Y3P_P4_S1-A4_1_4908.d,3065956,1,1,156,180,,,34720,1.3849-1.4014,Muribaculum intestinale,Muribaculum intestinale,,
