Protein Group,Accession,Top,Peptide,Peptide_Clean,Unique,-10LgP,Mass,Length,ppm,m/z,z,RT,Area Ileum1_Y3P,Intensity Ileum1_Y3P,Source File,Scan,#Spec,#Spec Ileum1_Y3P,Start,End,PTM,AScore,Precursor Id,1/k0 Range,Organism,Protein,Gene,NetMHCIIPan_Prediction
37,#CONTAM#A0A1B7LK58|A0A1B7LK58_9CLOT,FALSE,L.LLDVTPLSL.G,L.LLDVTPLSL.G,Y,69.85,969.5746,9,1.4,970.5833,1,55.1554,2.67E+02,5.31E+03,20240817_KP_Ileum1_Y3P_P4_S1-A4_1_4916.d,2711908,4,4,365,373,,,51004,1.5524-1.5687,Candidatus Arthromitus sp. SFB-turkey,Chaperone protein DnaK,,
37,#CONTAM#A0A0R2AXC2|A0A0R2AXC2_9LACO,FALSE,V.LLDVTPLSL.G,V.LLDVTPLSL.G,Y,69.85,969.5746,9,1.4,970.5833,1,55.1554,2.67E+02,5.31E+03,20240817_KP_Ileum1_Y3P_P4_S1-A4_1_4916.d,2711908,4,4,362,370,,,51004,1.5524-1.5687,Ligilactobacillus murinus DSM 20452 = NBRC 14221,Chaperone protein DnaK,,
37,#CONTAM#R9MLJ7|R9MLJ7_9FIRM,FALSE,L.LLDVTPLSL.S,L.LLDVTPLSL.S,Y,69.85,969.5746,9,1.4,970.5833,1,55.1554,2.67E+02,5.31E+03,20240817_KP_Ileum1_Y3P_P4_S1-A4_1_4916.d,2711908,4,4,364,372,,,51004,1.5524-1.5687,Lachnospiraceae bacterium MD308,Chaperone protein DnaK,,
1886,#CONTAM#A0AAE6BWU6|A0AAE6BWU6_9BACT,TRUE,L.SAQGDSVSI.V,L.SAQGDSVSI.V,Y,58.73,862.4032,9,-0.5,863.4101,1,18.2621,5.48E+03,3.86E+04,20240817_KP_Ileum1_Y3P_P3_S1-A3_1_4915.d,896625,4,4,97,105,,,12705,1.3730-1.3895,Duncaniella sp. B8,DUF5683 domain-containing protein,,
37,#CONTAM#A0A1B7LK58|A0A1B7LK58_9CLOT,FALSE,L.LLDVTPLSLG.I,L.LLDVTPLSLG.I,Y,39.44,1026.5961,10,9.3,1027.6129,1,51.7922,2.12E+02,3.28E+03,20240817_KP_Ileum1_Y3P_P1_S1-A1_1_4913.d,2543812,1,1,365,374,,,27688,1.5674-1.5837,Candidatus Arthromitus sp. SFB-turkey,Chaperone protein DnaK,,
37,#CONTAM#A0A0R2AXC2|A0A0R2AXC2_9LACO,FALSE,V.LLDVTPLSLG.I,V.LLDVTPLSLG.I,Y,39.44,1026.5961,10,9.3,1027.6129,1,51.7922,2.12E+02,3.28E+03,20240817_KP_Ileum1_Y3P_P1_S1-A1_1_4913.d,2543812,1,1,362,371,,,27688,1.5674-1.5837,Ligilactobacillus murinus DSM 20452 = NBRC 14221,Chaperone protein DnaK,,
1677,#CONTAM#R9MK54|R9MK54_9FIRM,TRUE,P.VLPVVCSGLA.M,P.VLPVVCSGLA.M,Y,98.01,956.5364,10,5.5,479.2781,2,41.7651,,,20240817_KP_Ileum1_Y3P_P5_S1-A5_1_4917.d,2046017,1,1,793,802,,,26717,0.8818-0.8988,Lachnospiraceae bacterium MD308,ABC3 transporter permease protein domain-containing protein,,
1726,#CONTAM#A0A3D8IGX7|A0A3D8IGX7_9HELI,TRUE,K.AVGGKIGIGK.I,K.AVGGKIGIGK.I,Y,92.73,898.5599,10,2.3,450.2883,2,15.1319,1.33E+03,2.89E+04,20240817_KP_Ileum1_Y3P_P2_S1-A2_1_4914.d,783788,3,3,372,381,,,5024,0.8382-0.8553,Helicobacter ganmani,Phosphoenolpyruvate synthase,,
1048,#CONTAM#A0A3N2MAB9|A0A3N2MAB9_9BACT,TRUE,G.GGFGGGGFGGG.F,G.GGFGGGGFGGG.F,Y,103.78,825.3405,11,-6.2,826.3427,1,22.1224,3.83E+02,7.86E+03,20240817_KP_Ileum1_Y3P_P5_S1-A5_1_4917.d,1082480,3,3,405,415,,,11108,1.3413-1.3578,Muribaculaceae bacterium Isolate-037 (Harlan),TPM domain-containing protein,EEL33_09285,
1048,#CONTAM#A0A1B1SBE6|A0A1B1SBE6_9BACT,FALSE,G.GGFGGGGFGGG.S,G.GGFGGGGFGGG.S,Y,103.78,825.3405,11,-6.2,826.3427,1,22.1224,3.83E+02,7.86E+03,20240817_KP_Ileum1_Y3P_P5_S1-A5_1_4917.d,1082480,3,3,393,403,,,11108,1.3413-1.3578,Muribaculum intestinale,TPM domain-containing protein,A4V02_10585,
2028,#CONTAM#A0AAE6BSW6|A0AAE6BSW6_9BACT,TRUE,R.RN(+0.98)TTELAKIQA.T,R.RNTTELAKIQA.T,Y,36.97,1244.6725,11,2.2,623.3448,2,18.0285,,,20240817_KP_Ileum1_Y3P_P5_S1-A5_1_4917.d,882811,1,1,205,215,Deamidation (NQ),N2:Deamidation (NQ):64.00,8035,0.9862-1.0031,Duncaniella sp. B8,DUF3868 domain-containing protein,,
1048,#CONTAM#A0A3N2MAB9|A0A3N2MAB9_9BACT,TRUE,G.GGGFGGGGFGGG.F,G.GGGFGGGGFGGG.F,Y,105.64,882.362,12,-4.4,883.3654,1,22.055,1.80E+02,2.81E+03,20240817_KP_Ileum1_Y3P_P5_S1-A5_1_4917.d,1080934,8,8,404,415,,,11086,1.3994-1.4159,Muribaculaceae bacterium Isolate-037 (Harlan),TPM domain-containing protein,EEL33_09285,
1048,#CONTAM#A0A3N2MAB9|A0A3N2MAB9_9BACT,TRUE,F.GGGGFGGGFGGG.S,F.GGGGFGGGFGGG.S,Y,63.3,882.362,12,-3.4,883.3663,1,22.26,,,20240817_KP_Ileum1_Y3P_P7_S1-A7_1_4919.d,1088564,1,1,408,419,,,11096,1.4014-1.4179,Muribaculaceae bacterium Isolate-037 (Harlan),TPM domain-containing protein,EEL33_09285,
1048,#CONTAM#A0A1B1SBE6|A0A1B1SBE6_9BACT,FALSE,R.GGGFGGGGFGGG.S,R.GGGFGGGGFGGG.S,Y,105.64,882.362,12,-4.4,883.3654,1,22.055,1.80E+02,2.81E+03,20240817_KP_Ileum1_Y3P_P5_S1-A5_1_4917.d,1080934,8,8,392,403,,,11086,1.3994-1.4159,Muribaculum intestinale,TPM domain-containing protein,A4V02_10585,
1560,#CONTAM#A0A2V1J098|A0A2V1J098_9BACT,TRUE,G.SGFGSGGGFSGGS.F,G.SGFGSGGGFSGGS.F,Y,45.8,1059.4257,13,-6.5,1060.4261,1,19.692,2.92E+02,3.07E+03,20240817_KP_Ileum1_Y3P_P1_S1-A1_1_4913.d,975384,1,1,438,450,,,7644,1.4882-1.5046,Paramuribaculum intestinale,TPM domain-containing protein,C5O25_01705,
1560,#CONTAM#A0A2V1J098|A0A2V1J098_9BACT,TRUE,G.SGFGSGGGFSGGSF.G,G.SGFGSGGGFSGGSF.G,Y,85.97,1206.4941,14,3.6,604.2565,2,35.8968,2.90E+02,5.56E+03,20240817_KP_Ileum1_Y3P_P1_S1-A1_1_4913.d,1766599,6,6,438,451,,,17047,0.9266-0.9436,Paramuribaculum intestinale,TPM domain-containing protein,C5O25_01705,
75,#CONTAM#A0A4P7W1B8|A0A4P7W1B8_9BACT,FALSE,G.DVSAYIPTNVISITD.G,G.DVSAYIPTNVISITD.G,Y,92.74,1606.809,15,-3.5,804.409,2,52.7083,1.51E+03,2.57E+04,20240817_KP_Ileum1_Y3P_P6_S1-A6_1_4918.d,2592434,3,3,348,362,,,33638,1.0819-1.0987,Duncaniella dubosii,ATP synthase subunit alpha,atpA,
75,#CONTAM#A0A4P7W1B8|A0A4P7W1B8_9BACT,FALSE,A.GDVSAYIPTNVISITD.G,A.GDVSAYIPTNVISITD.G,Y,85.28,1663.8304,16,5.9,832.9274,2,50.9998,3.71E+02,7.07E+03,20240817_KP_Ileum1_Y3P_P6_S1-A6_1_4918.d,2509784,1,1,347,362,,,31760,1.0994-1.1161,Duncaniella dubosii,ATP synthase subunit alpha,atpA,
75,#CONTAM#A0A4P7W1B8|A0A4P7W1B8_9BACT,FALSE,E.TQAGDVSAYIPTNVISITD.G,E.TQAGDVSAYIPTNVISITD.G,Y,105.08,1963.9739,19,-3.5,982.9908,2,51.7807,9.26E+02,1.31E+04,20240817_KP_Ileum1_Y3P_P7_S1-A7_1_4919.d,2539287,3,3,344,362,,,38403,1.2158-1.2324,Duncaniella dubosii,ATP synthase subunit alpha,atpA,
2010,#CONTAM#A0AAE6BV37|A0AAE6BV37_9BACT,TRUE,S.GPVIYAPVYMTM(+15.99)FIRRQTDC.G,S.GPVIYAPVYMTMFIRRQTDC.G,Y,38.89,2376.1428,20,3.3,793.0575,3,50.6478,1.90E+03,1.96E+04,20240817_KP_Ileum1_Y3P_P3_S1-A3_1_4915.d,2489685,1,1,418,437,Oxidation (M),M12:Oxidation (M):0.00,48237,0.9659-0.9828,Duncaniella sp. B8,ATP-binding protein,,
1565,#CONTAM#A0AAE6BTV8|A0AAE6BTV8_9BACT,TRUE,K.FKT(+79.97)TYNRWMTEIRDWC(+119.00)IS(+79.97)RQLWWGH.R,K.FKTTYNRWMTEIRDWCISRQLWWGH.R,Y,108.22,3591.5229,25,-13.1,1198.1659,3,39.7219,,,20240817_KP_Ileum1_Y3P_P2_S1-A2_1_4914.d,1983517,1,1,387,411,Cysteinylation; Phosphorylation (STY); Phosphorylation (STY),T3:Phosphorylation (STY):0.00;C16:Cysteinylation:1000.00;S18:Phosphorylation (STY):0.00,19081,1.1081-1.1249,Duncaniella sp. B8,Valine--tRNA ligase,,
